,antecedents,consequents,antecedent support,consequent support,support,confidence,lift,leverage,conviction,source,target
0,85099B,85123A,0.11994453431938988,0.1125491102380402,0.0201063092211694,0.1676300578034682,1.4893947846316364,0.006606658605605994,1.0661736383945766,JUMBO BAG RED RETROSPOT,CREAM HANGING HEART T-LIGHT HOLDER
1,85123A,85099B,0.1125491102380402,0.11994453431938988,0.0201063092211694,0.17864476386036962,1.4893947846316364,0.006606658605605994,1.0714675294661429,CREAM HANGING HEART T-LIGHT HOLDER,JUMBO BAG RED RETROSPOT
2,22726,22727,0.0623988906863878,0.06678992373468916,0.04206147446267622,0.674074074074074,10.092451621171344,0.03789385731260317,2.863258188541294,ALARM CLOCK BAKELIKE GREEN,ALARM CLOCK BAKELIKE RED 
3,22727,22726,0.06678992373468916,0.0623988906863878,0.04206147446267622,0.629757785467128,10.092451621171344,0.03789385731260317,2.5323992578657375,ALARM CLOCK BAKELIKE RED ,ALARM CLOCK BAKELIKE GREEN
4,22728,22727,0.043217009475387105,0.06678992373468916,0.027732840305061242,0.641711229946524,9.60790481653498,0.024846379538158797,2.604631108382285,ALARM CLOCK BAKELIKE PINK,ALARM CLOCK BAKELIKE RED 
5,22727,22728,0.06678992373468916,0.043217009475387105,0.027732840305061242,0.41522491349480967,9.607904816534981,0.024846379538158797,1.6361555281752254,ALARM CLOCK BAKELIKE RED ,ALARM CLOCK BAKELIKE PINK
6,22728,22726,0.043217009475387105,0.0623988906863878,0.024266235266928587,0.5614973262032086,8.998514557338087,0.02156954181688132,2.138187895629823,ALARM CLOCK BAKELIKE PINK,ALARM CLOCK BAKELIKE GREEN
7,22726,22728,0.0623988906863878,0.043217009475387105,0.024266235266928587,0.3888888888888889,8.998514557338087,0.02156954181688132,1.5656448935857301,ALARM CLOCK BAKELIKE GREEN,ALARM CLOCK BAKELIKE PINK
8,82482,82494L,0.05246128957707419,0.053847931592327244,0.03096833834065172,0.5903083700440528,10.96250779905844,0.028143406408260158,2.309424941167115,WOODEN PICTURE FRAME WHITE FINISH,WOODEN FRAME ANTIQUE WHITE 
9,82494L,82482,0.053847931592327244,0.05246128957707419,0.03096833834065172,0.575107296137339,10.96250779905844,0.028143406408260158,2.2300658538236533,WOODEN FRAME ANTIQUE WHITE ,WOODEN PICTURE FRAME WHITE FINISH
10,82482,85123A,0.05246128957707419,0.1125491102380402,0.022186272244048996,0.42290748898678415,3.7575373816135835,0.016281800780209126,1.5377965799691973,WOODEN PICTURE FRAME WHITE FINISH,CREAM HANGING HEART T-LIGHT HOLDER
11,85123A,82482,0.1125491102380402,0.05246128957707419,0.022186272244048996,0.19712525667351133,3.7575373816135835,0.016281800780209126,1.180182485872033,CREAM HANGING HEART T-LIGHT HOLDER,WOODEN PICTURE FRAME WHITE FINISH
12,21733,85123A,0.03651490640166397,0.1125491102380402,0.02565287728218165,0.7025316455696202,6.2420008837366465,0.02154315705624905,2.9833455443061623,RED HANGING HEART T-LIGHT HOLDER,CREAM HANGING HEART T-LIGHT HOLDER
13,85123A,21733,0.1125491102380402,0.03651490640166397,0.02565287728218165,0.22792607802874745,6.2420008837366465,0.02154315705624905,1.2479181930382703,CREAM HANGING HEART T-LIGHT HOLDER,RED HANGING HEART T-LIGHT HOLDER
14,20725,85099B,0.09013173099144904,0.11994453431938988,0.03258608735844696,0.36153846153846153,3.0142137246183487,0.021775278857277085,1.3784001269696304,LUNCH BAG RED RETROSPOT,JUMBO BAG RED RETROSPOT
15,85099B,20725,0.11994453431938988,0.09013173099144904,0.03258608735844696,0.27167630057803466,3.0142137246183487,0.021775278857277085,1.2492635757022168,JUMBO BAG RED RETROSPOT,LUNCH BAG RED RETROSPOT
16,20725,85123A,0.09013173099144904,0.1125491102380402,0.020337416223711578,0.22564102564102564,2.0048228294634867,0.010193170096409595,1.1460458510171003,LUNCH BAG RED RETROSPOT,CREAM HANGING HEART T-LIGHT HOLDER
17,85123A,20725,0.1125491102380402,0.09013173099144904,0.020337416223711578,0.1806981519507187,2.0048228294634867,0.010193170096409595,1.1105409699427677,CREAM HANGING HEART T-LIGHT HOLDER,LUNCH BAG RED RETROSPOT
18,20725,22386,0.09013173099144904,0.07164317078807488,0.020337416223711578,0.22564102564102564,3.149511993382961,0.013880093226866373,1.1988714019624198,LUNCH BAG RED RETROSPOT,JUMBO BAG PINK POLKADOT
19,22386,20725,0.07164317078807488,0.09013173099144904,0.020337416223711578,0.2838709677419355,3.149511993382961,0.013880093226866373,1.2705367720389678,JUMBO BAG PINK POLKADOT,LUNCH BAG RED RETROSPOT
20,22386,85099B,0.07164317078807488,0.11994453431938988,0.048301363531315,0.6741935483870968,5.6208776182484925,0.039708156773974844,2.7011603402078133,JUMBO BAG PINK POLKADOT,JUMBO BAG RED RETROSPOT
21,85099B,22386,0.11994453431938988,0.07164317078807488,0.048301363531315,0.4026974951830443,5.620877618248493,0.039708156773974844,1.5542490140677068,JUMBO BAG RED RETROSPOT,JUMBO BAG PINK POLKADOT
22,22386,23203,0.07164317078807488,0.07834527386179801,0.02403512826438641,0.33548387096774196,4.28212008754401,0.018422224428667117,1.386956141275935,JUMBO BAG PINK POLKADOT,JUMBO BAG VINTAGE DOILY 
23,23203,22386,0.07834527386179801,0.07164317078807488,0.02403512826438641,0.30678466076696165,4.28212008754401,0.018422224428667117,1.3392041068206069,JUMBO BAG VINTAGE DOILY ,JUMBO BAG PINK POLKADOT
24,22386,21931,0.07164317078807488,0.0684076727524844,0.03143055234573608,0.4387096774193549,6.413164777680908,0.026529609763515104,1.6597334565904014,JUMBO BAG PINK POLKADOT,JUMBO STORAGE BAG SUKI
25,21931,22386,0.0684076727524844,0.07164317078807488,0.03143055234573608,0.45945945945945954,6.413164777680908,0.026529609763515104,1.7174601340420617,JUMBO STORAGE BAG SUKI,JUMBO BAG PINK POLKADOT
26,20725,21931,0.09013173099144904,0.0684076727524844,0.02103073723133811,0.23333333333333334,3.410923423423424,0.014865035273060108,1.2151204268445857,LUNCH BAG RED RETROSPOT,JUMBO STORAGE BAG SUKI
27,21931,20725,0.0684076727524844,0.09013173099144904,0.02103073723133811,0.30743243243243246,3.410923423423424,0.014865035273060108,1.313761012812347,JUMBO STORAGE BAG SUKI,LUNCH BAG RED RETROSPOT
28,85099B,21931,0.11994453431938988,0.0684076727524844,0.043217009475387105,0.3603082851637765,5.267074155079936,0.03501188302321715,1.4563145115706644,JUMBO BAG RED RETROSPOT,JUMBO STORAGE BAG SUKI
29,21931,85099B,0.0684076727524844,0.11994453431938988,0.043217009475387105,0.6317567567567568,5.267074155079936,0.03501188302321715,2.3898753930409233,JUMBO STORAGE BAG SUKI,JUMBO BAG RED RETROSPOT
30,21931,22383,0.0684076727524844,0.06956320776519528,0.020337416223711578,0.2972972972972973,4.2737721109814135,0.015578759071297018,1.3240831274110683,JUMBO STORAGE BAG SUKI,LUNCH BAG SUKI DESIGN 
31,22383,21931,0.06956320776519528,0.0684076727524844,0.020337416223711578,0.29235880398671094,4.2737721109814135,0.015578759071297018,1.3164755422605736,LUNCH BAG SUKI DESIGN ,JUMBO STORAGE BAG SUKI
32,23203,21931,0.07834527386179801,0.0684076727524844,0.022186272244048996,0.2831858407079646,4.139679502511361,0.016826854388007347,1.299628802209497,JUMBO BAG VINTAGE DOILY ,JUMBO STORAGE BAG SUKI
33,21931,23203,0.0684076727524844,0.07834527386179801,0.022186272244048996,0.32432432432432434,4.139679502511361,0.016826854388007347,1.3640489946845389,JUMBO STORAGE BAG SUKI,JUMBO BAG VINTAGE DOILY 
34,85099C,21931,0.052230182574532005,0.0684076727524844,0.026115091287266003,0.5,7.309121621621622,0.022542146049904906,1.8631846544950312,JUMBO  BAG BAROQUE BLACK WHITE,JUMBO STORAGE BAG SUKI
35,21931,85099C,0.0684076727524844,0.052230182574532005,0.026115091287266003,0.38175675675675674,7.309121621621622,0.022542146049904906,1.533004732010593,JUMBO STORAGE BAG SUKI,JUMBO  BAG BAROQUE BLACK WHITE
36,85099C,22386,0.052230182574532005,0.07164317078807488,0.02264848624913335,0.4336283185840708,6.052612046817014,0.01890655035865382,1.6391300265773052,JUMBO  BAG BAROQUE BLACK WHITE,JUMBO BAG PINK POLKADOT
37,22386,85099C,0.07164317078807488,0.052230182574532005,0.02264848624913335,0.31612903225806455,6.052612046817015,0.01890655035865382,1.3858898273674296,JUMBO BAG PINK POLKADOT,JUMBO  BAG BAROQUE BLACK WHITE
38,85099C,85099B,0.052230182574532005,0.11994453431938988,0.029119482320314305,0.5575221238938053,4.6481661466059645,0.022854757393995354,1.9889253524381787,JUMBO  BAG BAROQUE BLACK WHITE,JUMBO BAG RED RETROSPOT
39,85099B,85099C,0.11994453431938988,0.052230182574532005,0.029119482320314305,0.24277456647398843,4.6481661466059645,0.022854757393995354,1.2516349497298165,JUMBO BAG RED RETROSPOT,JUMBO  BAG BAROQUE BLACK WHITE
40,22411,85099C,0.060087820660966025,0.052230182574532005,0.02264848624913335,0.3769230769230769,7.2165759019741325,0.019510088405505357,1.5211120526581585,JUMBO SHOPPER VINTAGE RED PAISLEY,JUMBO  BAG BAROQUE BLACK WHITE
41,85099C,22411,0.052230182574532005,0.060087820660966025,0.02264848624913335,0.4336283185840708,7.2165759019741325,0.019510088405505357,1.6595324416454817,JUMBO  BAG BAROQUE BLACK WHITE,JUMBO SHOPPER VINTAGE RED PAISLEY
42,22386,21929,0.07164317078807488,0.04876357753639935,0.026808412294892534,0.3741935483870968,7.673627885644398,0.023314834981214744,1.520016963730496,JUMBO BAG PINK POLKADOT,JUMBO BAG PINK VINTAGE PAISLEY
43,21929,22386,0.04876357753639935,0.07164317078807488,0.026808412294892534,0.5497630331753555,7.673627885644398,0.023314834981214744,2.061929378565434,JUMBO BAG PINK VINTAGE PAISLEY,JUMBO BAG PINK POLKADOT
44,21931,21929,0.0684076727524844,0.04876357753639935,0.02103073723133811,0.30743243243243246,6.304550403484053,0.017694934376987704,1.3734925904840283,JUMBO STORAGE BAG SUKI,JUMBO BAG PINK VINTAGE PAISLEY
45,21929,21931,0.04876357753639935,0.0684076727524844,0.02103073723133811,0.4312796208530806,6.304550403484053,0.017694934376987704,1.6380498420768816,JUMBO BAG PINK VINTAGE PAISLEY,JUMBO STORAGE BAG SUKI
46,22411,21929,0.060087820660966025,0.04876357753639935,0.024497342269470763,0.4076923076923077,8.360590594239884,0.02156724516767649,1.605983570393092,JUMBO SHOPPER VINTAGE RED PAISLEY,JUMBO BAG PINK VINTAGE PAISLEY
47,21929,22411,0.04876357753639935,0.060087820660966025,0.024497342269470763,0.5023696682464455,8.360590594239882,0.02156724516767649,1.8887759032432014,JUMBO BAG PINK VINTAGE PAISLEY,JUMBO SHOPPER VINTAGE RED PAISLEY
48,85099B,21929,0.11994453431938988,0.04876357753639935,0.030043910330483013,0.2504816955684008,5.136655434713129,0.02419498573113213,1.2691303425671177,JUMBO BAG RED RETROSPOT,JUMBO BAG PINK VINTAGE PAISLEY
49,21929,85099B,0.04876357753639935,0.11994453431938988,0.030043910330483013,0.6161137440758294,5.136655434713129,0.02419498573113213,2.292490163686528,JUMBO BAG PINK VINTAGE PAISLEY,JUMBO BAG RED RETROSPOT
50,20724,20723,0.04991911254911024,0.03582158539403744,0.023804021261844235,0.47685185185185186,13.311857825567504,0.022015839508871718,1.8430313057954681,RED RETROSPOT CHARLOTTE BAG,STRAWBERRY CHARLOTTE BAG
51,20723,20724,0.03582158539403744,0.04991911254911024,0.023804021261844235,0.6645161290322581,13.311857825567504,0.022015839508871718,2.8319718760555372,STRAWBERRY CHARLOTTE BAG,RED RETROSPOT CHARLOTTE BAG
52,22727,22730,0.06678992373468916,0.037901548416917036,0.026346198289808182,0.39446366782006925,10.407587138155119,0.023814756761615666,1.5888368714714913,ALARM CLOCK BAKELIKE RED ,ALARM CLOCK BAKELIKE IVORY
53,22730,22727,0.037901548416917036,0.06678992373468916,0.026346198289808182,0.6951219512195121,10.407587138155119,0.023814756761615666,3.060929050150219,ALARM CLOCK BAKELIKE IVORY,ALARM CLOCK BAKELIKE RED 
54,22726,22730,0.0623988906863878,0.037901548416917036,0.024497342269470763,0.39259259259259255,10.358220415537486,0.022132327692958722,1.5839425727282463,ALARM CLOCK BAKELIKE GREEN,ALARM CLOCK BAKELIKE IVORY
55,22730,22726,0.037901548416917036,0.0623988906863878,0.024497342269470763,0.646341463414634,10.358220415537486,0.022132327692958722,2.651147964266075,ALARM CLOCK BAKELIKE IVORY,ALARM CLOCK BAKELIKE GREEN
56,22727,22729,0.06678992373468916,0.032817194360989135,0.021955165241506817,0.328719723183391,10.016691846581217,0.01976330733294988,1.440803251699351,ALARM CLOCK BAKELIKE RED ,ALARM CLOCK BAKELIKE ORANGE
57,22729,22727,0.032817194360989135,0.06678992373468916,0.021955165241506817,0.6690140845070423,10.016691846581217,0.01976330733294988,2.819485762333492,ALARM CLOCK BAKELIKE ORANGE,ALARM CLOCK BAKELIKE RED 
58,22726,22729,0.0623988906863878,0.032817194360989135,0.021492951236422465,0.34444444444444444,10.495852895148671,0.01944519471285716,1.4753636018222198,ALARM CLOCK BAKELIKE GREEN,ALARM CLOCK BAKELIKE ORANGE
59,22729,22726,0.032817194360989135,0.0623988906863878,0.021492951236422465,0.6549295774647889,10.495852895148671,0.01944519471285716,2.717129745357816,ALARM CLOCK BAKELIKE ORANGE,ALARM CLOCK BAKELIKE GREEN
60,22910,22086,0.03235498035590478,0.040674832447423155,0.0201063092211694,0.6214285714285714,15.277962662337663,0.018790275816353307,2.5340664803275614,PAPER CHAIN KIT VINTAGE CHRISTMAS,PAPER CHAIN KIT 50'S CHRISTMAS 
61,22086,22910,0.040674832447423155,0.03235498035590478,0.0201063092211694,0.4943181818181818,15.277962662337663,0.018790275816353307,1.9135452073860761,PAPER CHAIN KIT 50'S CHRISTMAS ,PAPER CHAIN KIT VINTAGE CHRISTMAS
62,20725,22383,0.09013173099144904,0.06956320776519528,0.03651490640166397,0.40512820512820513,5.823886191328052,0.030245054072469114,1.564096331774025,LUNCH BAG RED RETROSPOT,LUNCH BAG SUKI DESIGN 
63,22383,20725,0.06956320776519528,0.09013173099144904,0.03651490640166397,0.5249169435215947,5.823886191328052,0.030245054072469114,1.9151772655354815,LUNCH BAG SUKI DESIGN ,LUNCH BAG RED RETROSPOT
64,85099B,22383,0.11994453431938988,0.06956320776519528,0.023110700254217704,0.1926782273603083,2.7698295341795816,0.01476697369305839,1.1524980791643522,JUMBO BAG RED RETROSPOT,LUNCH BAG SUKI DESIGN 
65,22383,85099B,0.06956320776519528,0.11994453431938988,0.023110700254217704,0.33222591362126247,2.769829534179581,0.01476697369305839,1.317894005820217,LUNCH BAG SUKI DESIGN ,JUMBO BAG RED RETROSPOT
66,23209,22383,0.07187427779061706,0.06956320776519528,0.024728449272012943,0.3440514469453376,4.945882428347096,0.019728643953090888,1.4184600116912953,LUNCH BAG VINTAGE DOILY ,LUNCH BAG SUKI DESIGN 
67,22383,23209,0.06956320776519528,0.07187427779061706,0.024728449272012943,0.3554817275747508,4.945882428347096,0.019728643953090888,1.440030115386723,LUNCH BAG SUKI DESIGN ,LUNCH BAG VINTAGE DOILY 
68,20725,20727,0.09013173099144904,0.06494106771435175,0.0311994453431939,0.34615384615384615,5.330276485080755,0.025346194497666473,1.4300901317309915,LUNCH BAG RED RETROSPOT,LUNCH BAG  BLACK SKULL.
69,20727,20725,0.06494106771435175,0.09013173099144904,0.0311994453431939,0.48042704626334515,5.330276485080755,0.025346194497666473,1.7511848191191972,LUNCH BAG  BLACK SKULL.,LUNCH BAG RED RETROSPOT
70,20727,22383,0.06494106771435175,0.06956320776519528,0.02796394730760342,0.4306049822064057,6.190125441884112,0.023446438321696357,1.6340796163623759,LUNCH BAG  BLACK SKULL.,LUNCH BAG SUKI DESIGN 
71,22383,20727,0.06956320776519528,0.06494106771435175,0.02796394730760342,0.4019933554817276,6.190125441884111,0.023446438321696357,1.5636263256554455,LUNCH BAG SUKI DESIGN ,LUNCH BAG  BLACK SKULL.
72,85099B,20727,0.11994453431938988,0.06494106771435175,0.02103073723133811,0.17533718689788053,2.699943087925726,0.013241411106136223,1.133868191252924,JUMBO BAG RED RETROSPOT,LUNCH BAG  BLACK SKULL.
73,20727,85099B,0.06494106771435175,0.11994453431938988,0.02103073723133811,0.3238434163701067,2.699943087925726,0.013241411106136223,1.3015557150329022,LUNCH BAG  BLACK SKULL.,JUMBO BAG RED RETROSPOT
74,20727,23209,0.06494106771435175,0.07187427779061706,0.024266235266928587,0.3736654804270462,5.198876314494627,0.019598642926008,1.4818370905729352,LUNCH BAG  BLACK SKULL.,LUNCH BAG VINTAGE DOILY 
75,23209,20727,0.07187427779061706,0.06494106771435175,0.024266235266928587,0.337620578778135,5.198876314494626,0.019598642926008,1.411666640489498,LUNCH BAG VINTAGE DOILY ,LUNCH BAG  BLACK SKULL.
76,22382,20725,0.06078114166859256,0.09013173099144904,0.03258608735844696,0.5361216730038022,5.948201228429364,0.02710777784822022,1.9614373340102367,LUNCH BAG SPACEBOY DESIGN ,LUNCH BAG RED RETROSPOT
77,20725,22382,0.09013173099144904,0.06078114166859256,0.03258608735844696,0.36153846153846153,5.948201228429365,0.02710777784822022,1.4710656817238912,LUNCH BAG RED RETROSPOT,LUNCH BAG SPACEBOY DESIGN 
78,22382,20727,0.06078114166859256,0.06494106771435175,0.029812803327940837,0.49049429657794674,7.55291395477856,0.02586561109108516,1.8352276059039216,LUNCH BAG SPACEBOY DESIGN ,LUNCH BAG  BLACK SKULL.
79,20727,22382,0.06494106771435175,0.06078114166859256,0.029812803327940837,0.4590747330960854,7.55291395477856,0.02586561109108516,1.7363190736258254,LUNCH BAG  BLACK SKULL.,LUNCH BAG SPACEBOY DESIGN 
80,22382,22383,0.06078114166859256,0.06956320776519528,0.029119482320314305,0.4790874524714829,6.887081085860819,0.024891351134216234,1.78616698071353,LUNCH BAG SPACEBOY DESIGN ,LUNCH BAG SUKI DESIGN 
81,22383,22382,0.06956320776519528,0.06078114166859256,0.029119482320314305,0.4186046511627907,6.887081085860819,0.024891351134216234,1.615456436330021,LUNCH BAG SUKI DESIGN ,LUNCH BAG SPACEBOY DESIGN 
82,22382,22384,0.06078114166859256,0.06193667668130344,0.026115091287266003,0.42965779467680604,6.9370495431587305,0.022350509367417885,1.6447376935521147,LUNCH BAG SPACEBOY DESIGN ,LUNCH BAG PINK POLKADOT
83,22384,22382,0.06193667668130344,0.06078114166859256,0.026115091287266003,0.4216417910447761,6.9370495431587305,0.022350509367417885,1.62393970343753,LUNCH BAG PINK POLKADOT,LUNCH BAG SPACEBOY DESIGN 
84,22382,23209,0.06078114166859256,0.07187427779061706,0.025421770279639475,0.41825095057034223,5.819202132211803,0.021053169618920203,1.595405653209593,LUNCH BAG SPACEBOY DESIGN ,LUNCH BAG VINTAGE DOILY 
85,23209,22382,0.07187427779061706,0.06078114166859256,0.025421770279639475,0.3536977491961415,5.819202132211803,0.021053169618920203,1.4532192285625258,LUNCH BAG VINTAGE DOILY ,LUNCH BAG SPACEBOY DESIGN 
86,20728,22383,0.05246128957707419,0.06956320776519528,0.02495955627455512,0.47577092511013214,6.839404627745986,0.021310180688075032,1.7748668221621902,LUNCH BAG CARS BLUE,LUNCH BAG SUKI DESIGN 
87,22383,20728,0.06956320776519528,0.05246128957707419,0.02495955627455512,0.3588039867109635,6.839404627745986,0.021310180688075032,1.4777676261000035,LUNCH BAG SUKI DESIGN ,LUNCH BAG CARS BLUE
88,20728,20727,0.05246128957707419,0.06494106771435175,0.024728449272012943,0.4713656387665198,7.258359853888723,0.021321557113205953,1.7688198135736848,LUNCH BAG CARS BLUE,LUNCH BAG  BLACK SKULL.
89,20727,20728,0.06494106771435175,0.05246128957707419,0.024728449272012943,0.3807829181494662,7.258359853888723,0.021321557113205953,1.5302205610852997,LUNCH BAG  BLACK SKULL.,LUNCH BAG CARS BLUE
90,20728,20725,0.05246128957707419,0.09013173099144904,0.024728449272012943,0.4713656387665198,5.229741330622388,0.020000022432387583,1.7211674755411757,LUNCH BAG CARS BLUE,LUNCH BAG RED RETROSPOT
91,20725,20728,0.09013173099144904,0.05246128957707419,0.024728449272012943,0.2743589743589744,5.229741330622388,0.020000022432387583,1.305795395989191,LUNCH BAG RED RETROSPOT,LUNCH BAG CARS BLUE
92,20728,22382,0.05246128957707419,0.06078114166859256,0.02264848624913335,0.4317180616740088,7.10282909834006,0.019459829175232143,1.652733960009531,LUNCH BAG CARS BLUE,LUNCH BAG SPACEBOY DESIGN 
93,22382,20728,0.06078114166859256,0.05246128957707419,0.02264848624913335,0.37262357414448666,7.10282909834006,0.019459829175232143,1.5103192778256331,LUNCH BAG SPACEBOY DESIGN ,LUNCH BAG CARS BLUE
94,20728,22384,0.05246128957707419,0.06193667668130344,0.023572914259302056,0.4493392070484581,7.254816227233874,0.020323636328482577,1.7035229951467528,LUNCH BAG CARS BLUE,LUNCH BAG PINK POLKADOT
95,22384,20728,0.06193667668130344,0.05246128957707419,0.023572914259302056,0.3805970149253731,7.254816227233874,0.020323636328482577,1.5297612915261694,LUNCH BAG PINK POLKADOT,LUNCH BAG CARS BLUE
96,22629,22630,0.05038132655419459,0.04206147446267622,0.028426161312687773,0.5642201834862385,13.414179856840406,0.026307048432432766,2.1982168270224904,SPACEBOY LUNCH BOX ,DOLLY GIRL LUNCH BOX
97,22630,22629,0.04206147446267622,0.05038132655419459,0.028426161312687773,0.6758241758241759,13.41417985684041,0.026307048432432766,2.9293321791040103,DOLLY GIRL LUNCH BOX,SPACEBOY LUNCH BOX 
98,22662,22383,0.03559047839149526,0.06956320776519528,0.022186272244048996,0.6233766233766235,8.961297838374252,0.019710484401238716,2.4704701035199994,LUNCH BAG DOLLY GIRL DESIGN,LUNCH BAG SUKI DESIGN 
99,22383,22662,0.06956320776519528,0.03559047839149526,0.022186272244048996,0.318936877076412,8.961297838374252,0.019710484401238716,1.4160354439227314,LUNCH BAG SUKI DESIGN ,LUNCH BAG DOLLY GIRL DESIGN
100,22411,85099B,0.060087820660966025,0.11994453431938988,0.03582158539403744,0.5961538461538461,4.970246035274937,0.028614379726590852,2.1791849626377013,JUMBO SHOPPER VINTAGE RED PAISLEY,JUMBO BAG RED RETROSPOT
101,85099B,22411,0.11994453431938988,0.060087820660966025,0.03582158539403744,0.29865125240847784,4.970246035274937,0.028614379726590852,1.3401495084531831,JUMBO BAG RED RETROSPOT,JUMBO SHOPPER VINTAGE RED PAISLEY
102,22411,21931,0.060087820660966025,0.0684076727524844,0.023110700254217704,0.38461538461538464,5.622401247401248,0.01900023228203237,1.5138375317772128,JUMBO SHOPPER VINTAGE RED PAISLEY,JUMBO STORAGE BAG SUKI
103,21931,22411,0.0684076727524844,0.060087820660966025,0.023110700254217704,0.3378378378378379,5.622401247401249,0.01900023228203237,1.4194592096140515,JUMBO STORAGE BAG SUKI,JUMBO SHOPPER VINTAGE RED PAISLEY
104,22411,22386,0.060087820660966025,0.07164317078807488,0.026808412294892534,0.4461538461538462,6.227444168734492,0.02250353029699573,1.6761998305215313,JUMBO SHOPPER VINTAGE RED PAISLEY,JUMBO BAG PINK POLKADOT
105,22386,22411,0.07164317078807488,0.060087820660966025,0.026808412294892534,0.3741935483870968,6.2274441687344915,0.02250353029699573,1.5019215236860852,JUMBO BAG PINK POLKADOT,JUMBO SHOPPER VINTAGE RED PAISLEY
106,22411,23203,0.060087820660966025,0.07834527386179801,0.020799630228795933,0.3461538461538462,4.418311776718856,0.016092033463353944,1.4095895811525445,JUMBO SHOPPER VINTAGE RED PAISLEY,JUMBO BAG VINTAGE DOILY 
107,23203,22411,0.07834527386179801,0.060087820660966025,0.020799630228795933,0.26548672566371684,4.418311776718857,0.016092033463353944,1.279639473076034,JUMBO BAG VINTAGE DOILY ,JUMBO SHOPPER VINTAGE RED PAISLEY
108,22699,22697,0.04807025652877282,0.03743933441183268,0.03143055234573608,0.6538461538461539,17.464150047483383,0.02963083393629277,2.7807308116991503,ROSES REGENCY TEACUP AND SAUCER ,GREEN REGENCY TEACUP AND SAUCER
109,22697,22699,0.03743933441183268,0.04807025652877282,0.03143055234573608,0.8395061728395063,17.464150047483383,0.02963083393629277,5.931254555474576,GREEN REGENCY TEACUP AND SAUCER,ROSES REGENCY TEACUP AND SAUCER 
110,22699,22423,0.04807025652877282,0.09614051305754565,0.022186272244048996,0.46153846153846156,4.800665680473373,0.017564773118564945,1.6785961900359867,ROSES REGENCY TEACUP AND SAUCER ,REGENCY CAKESTAND 3 TIER
111,22423,22699,0.09614051305754565,0.04807025652877282,0.022186272244048996,0.23076923076923078,4.800665680473373,0.017564773118564945,1.2375086665125954,REGENCY CAKESTAND 3 TIER,ROSES REGENCY TEACUP AND SAUCER 
112,20725,22384,0.09013173099144904,0.06193667668130344,0.035359371388953086,0.3923076923076923,6.334012629161883,0.02977691150780949,1.543648506726969,LUNCH BAG RED RETROSPOT,LUNCH BAG PINK POLKADOT
113,22384,20725,0.06193667668130344,0.09013173099144904,0.035359371388953086,0.5708955223880597,6.334012629161883,0.02977691150780949,2.120388661689493,LUNCH BAG PINK POLKADOT,LUNCH BAG RED RETROSPOT
114,20727,22384,0.06494106771435175,0.06193667668130344,0.029812803327940837,0.4590747330960854,7.412001380995378,0.0257905694135784,1.7341828542931166,LUNCH BAG  BLACK SKULL.,LUNCH BAG PINK POLKADOT
115,22384,20727,0.06193667668130344,0.06494106771435175,0.029812803327940837,0.48134328358208955,7.412001380995378,0.0257905694135784,1.8028474377881565,LUNCH BAG PINK POLKADOT,LUNCH BAG  BLACK SKULL.
116,22384,22383,0.06193667668130344,0.06956320776519528,0.027501733302519066,0.44402985074626866,6.383113502256161,0.023193219394251827,1.6735373175766957,LUNCH BAG PINK POLKADOT,LUNCH BAG SUKI DESIGN 
117,22383,22384,0.06956320776519528,0.06193667668130344,0.027501733302519066,0.3953488372093023,6.383113502256161,0.023193219394251827,1.5514124193347676,LUNCH BAG SUKI DESIGN ,LUNCH BAG PINK POLKADOT
118,85099B,22384,0.11994453431938988,0.06193667668130344,0.021261844233880285,0.1772639691714836,2.8620193828545135,0.013832878392050729,1.140175327406097,JUMBO BAG RED RETROSPOT,LUNCH BAG PINK POLKADOT
119,22384,85099B,0.06193667668130344,0.11994453431938988,0.021261844233880285,0.34328358208955223,2.8620193828545135,0.013832878392050729,1.3400844591045653,LUNCH BAG PINK POLKADOT,JUMBO BAG RED RETROSPOT
120,23209,22384,0.07187427779061706,0.06193667668130344,0.02172405823896464,0.3022508038585209,4.879997120506791,0.017272404333745002,1.344413334341542,LUNCH BAG VINTAGE DOILY ,LUNCH BAG PINK POLKADOT
121,22384,23209,0.06193667668130344,0.07187427779061706,0.02172405823896464,0.35074626865671643,4.879997120506791,0.017272404333745002,1.4295269744374404,LUNCH BAG PINK POLKADOT,LUNCH BAG VINTAGE DOILY 
122,20724,85099B,0.04991911254911024,0.11994453431938988,0.020337416223711578,0.4074074074074074,3.396631699136516,0.01434989151537134,1.4850935983360296,RED RETROSPOT CHARLOTTE BAG,JUMBO BAG RED RETROSPOT
123,85099B,20724,0.11994453431938988,0.04991911254911024,0.020337416223711578,0.16955684007707128,3.396631699136516,0.01434989151537134,1.1440649201554798,JUMBO BAG RED RETROSPOT,RED RETROSPOT CHARLOTTE BAG
124,20724,22355,0.04991911254911024,0.03582158539403744,0.02172405823896464,0.4351851851851852,12.14868578255675,0.019935876485992123,1.7070699799580975,RED RETROSPOT CHARLOTTE BAG,CHARLOTTE BAG SUKI DESIGN
125,22355,20724,0.03582158539403744,0.04991911254911024,0.02172405823896464,0.6064516129032258,12.14868578255675,0.019935876485992123,2.4141399599161955,CHARLOTTE BAG SUKI DESIGN,RED RETROSPOT CHARLOTTE BAG
126,20724,22356,0.04991911254911024,0.032817194360989135,0.023110700254217704,0.46296296296296297,14.107329160146064,0.02147249503536546,1.8009610863622962,RED RETROSPOT CHARLOTTE BAG,CHARLOTTE BAG PINK POLKADOT
127,22356,20724,0.032817194360989135,0.04991911254911024,0.023110700254217704,0.7042253521126761,14.107329160146064,0.02147249503536546,3.2121782385244377,CHARLOTTE BAG PINK POLKADOT,RED RETROSPOT CHARLOTTE BAG
128,21928,21929,0.0452969724982667,0.04876357753639935,0.023804021261844235,0.5255102040816327,10.776695038204858,0.02159517883126086,2.0047563312136103,JUMBO BAG SCANDINAVIAN BLUE PAISLEY,JUMBO BAG PINK VINTAGE PAISLEY
129,21929,21928,0.04876357753639935,0.0452969724982667,0.023804021261844235,0.48815165876777256,10.776695038204856,0.02159517883126086,1.8652068407672755,JUMBO BAG PINK VINTAGE PAISLEY,JUMBO BAG SCANDINAVIAN BLUE PAISLEY
130,22411,21928,0.060087820660966025,0.0452969724982667,0.021492951236422465,0.3576923076923077,7.8966051805337525,0.018771154876461905,1.4863639949128784,JUMBO SHOPPER VINTAGE RED PAISLEY,JUMBO BAG SCANDINAVIAN BLUE PAISLEY
131,21928,22411,0.0452969724982667,0.060087820660966025,0.021492951236422465,0.4744897959183674,7.8966051805337525,0.018771154876461905,1.7885707490335014,JUMBO BAG SCANDINAVIAN BLUE PAISLEY,JUMBO SHOPPER VINTAGE RED PAISLEY
132,21928,85099B,0.0452969724982667,0.11994453431938988,0.02958169632539866,0.653061224489796,5.444693484330148,0.024148572053015852,2.5366304599029355,JUMBO BAG SCANDINAVIAN BLUE PAISLEY,JUMBO BAG RED RETROSPOT
133,85099B,21928,0.11994453431938988,0.0452969724982667,0.02958169632539866,0.2466281310211946,5.444693484330148,0.024148572053015852,1.2672400799831192,JUMBO BAG RED RETROSPOT,JUMBO BAG SCANDINAVIAN BLUE PAISLEY
134,21928,22386,0.0452969724982667,0.07164317078807488,0.023572914259302056,0.5204081632653061,7.263890717577354,0.020327695522426005,1.9357227502716736,JUMBO BAG SCANDINAVIAN BLUE PAISLEY,JUMBO BAG PINK POLKADOT
135,22386,21928,0.07164317078807488,0.0452969724982667,0.023572914259302056,0.32903225806451614,7.263890717577354,0.020327695522426005,1.4228747044496988,JUMBO BAG PINK POLKADOT,JUMBO BAG SCANDINAVIAN BLUE PAISLEY
136,21928,21931,0.0452969724982667,0.0684076727524844,0.02103073723133811,0.4642857142857143,6.787041505791507,0.017932076759998396,1.7389723441953626,JUMBO BAG SCANDINAVIAN BLUE PAISLEY,JUMBO STORAGE BAG SUKI
137,21931,21928,0.0684076727524844,0.0452969724982667,0.02103073723133811,0.30743243243243246,6.787041505791507,0.017932076759998396,1.3784980299537222,JUMBO STORAGE BAG SUKI,JUMBO BAG SCANDINAVIAN BLUE PAISLEY
138,85099B,21930,0.11994453431938988,0.038594869424543564,0.02172405823896464,0.18111753371868977,4.692787834735154,0.017094814598720105,1.1740453241615574,JUMBO BAG RED RETROSPOT,JUMBO STORAGE BAG SKULLS
139,21930,85099B,0.038594869424543564,0.11994453431938988,0.02172405823896464,0.562874251497006,4.692787834735154,0.017094814598720105,2.0132775721734504,JUMBO STORAGE BAG SKULLS,JUMBO BAG RED RETROSPOT
140,20725,20726,0.09013173099144904,0.04876357753639935,0.028657268315229953,0.317948717948718,6.520209016891482,0.02426212266253854,1.3946699427097904,LUNCH BAG RED RETROSPOT,LUNCH BAG WOODLAND
141,20726,20725,0.04876357753639935,0.09013173099144904,0.028657268315229953,0.5876777251184835,6.520209016891482,0.02426212266253854,2.206692008744877,LUNCH BAG WOODLAND,LUNCH BAG RED RETROSPOT
142,20726,22383,0.04876357753639935,0.06956320776519528,0.027039519297434714,0.5545023696682465,7.971201839051504,0.023647368421895958,2.0885336506547216,LUNCH BAG WOODLAND,LUNCH BAG SUKI DESIGN 
143,22383,20726,0.06956320776519528,0.04876357753639935,0.027039519297434714,0.3887043189368771,7.9712018390515045,0.023647368421895958,1.5560987128344772,LUNCH BAG SUKI DESIGN ,LUNCH BAG WOODLAND
144,22382,20726,0.06078114166859256,0.04876357753639935,0.024728449272012943,0.4068441064638783,8.343196439190528,0.021764543357505654,1.6036870455636345,LUNCH BAG SPACEBOY DESIGN ,LUNCH BAG WOODLAND
145,20726,22382,0.04876357753639935,0.06078114166859256,0.024728449272012943,0.5071090047393365,8.343196439190528,0.021764543357505654,1.9055305683454515,LUNCH BAG WOODLAND,LUNCH BAG SPACEBOY DESIGN 
146,20726,23206,0.04876357753639935,0.058007857638086434,0.020799630228795933,0.4265402843601896,7.353146655085818,0.01797095956514069,1.6426474548625103,LUNCH BAG WOODLAND,LUNCH BAG APPLE DESIGN
147,23206,20726,0.058007857638086434,0.04876357753639935,0.020799630228795933,0.35856573705179284,7.353146655085818,0.01797095956514069,1.482983490921514,LUNCH BAG APPLE DESIGN,LUNCH BAG WOODLAND
148,85099B,20712,0.11994453431938988,0.036052692396579614,0.02334180725675988,0.19460500963391136,5.397794081320093,0.019017483856291928,1.1968628053736248,JUMBO BAG RED RETROSPOT,JUMBO BAG WOODLAND ANIMALS
149,20712,85099B,0.036052692396579614,0.11994453431938988,0.02334180725675988,0.6474358974358975,5.397794081320093,0.019017483856291928,2.496157320839549,JUMBO BAG WOODLAND ANIMALS,JUMBO BAG RED RETROSPOT
150,85099B,85099F,0.11994453431938988,0.05176796856944765,0.034434943378784375,0.2870905587668593,5.545718070465179,0.028225658496061165,1.3300876332769098,JUMBO BAG RED RETROSPOT,JUMBO BAG STRAWBERRY
151,85099F,85099B,0.05176796856944765,0.11994453431938988,0.034434943378784375,0.6651785714285714,5.54571807046518,0.028225658496061165,2.6284323241660887,JUMBO BAG STRAWBERRY,JUMBO BAG RED RETROSPOT
152,22386,85099F,0.07164317078807488,0.05176796856944765,0.027039519297434714,0.3774193548387097,7.290596198156683,0.023330697883862085,1.5230669934894883,JUMBO BAG PINK POLKADOT,JUMBO BAG STRAWBERRY
153,85099F,22386,0.05176796856944765,0.07164317078807488,0.027039519297434714,0.5223214285714286,7.290596198156683,0.023330697883862085,1.9434759789109461,JUMBO BAG STRAWBERRY,JUMBO BAG PINK POLKADOT
154,85099F,21931,0.05176796856944765,0.0684076727524844,0.02495955627455512,0.48214285714285715,7.048081563706564,0.021418230021595448,1.7989369077883062,JUMBO BAG STRAWBERRY,JUMBO STORAGE BAG SUKI
155,21931,85099F,0.0684076727524844,0.05176796856944765,0.02495955627455512,0.36486486486486486,7.048081563706564,0.021418230021595448,1.4929610707629974,JUMBO STORAGE BAG SUKI,JUMBO BAG STRAWBERRY
156,85099B,22385,0.11994453431938988,0.03767044141437485,0.02334180725675988,0.19460500963391136,5.16598697353334,0.01882344370370683,1.1948541648467452,JUMBO BAG RED RETROSPOT,JUMBO BAG SPACEBOY DESIGN
157,22385,85099B,0.03767044141437485,0.11994453431938988,0.02334180725675988,0.6196319018404909,5.165986973533341,0.01882344370370683,2.3136942081603142,JUMBO BAG SPACEBOY DESIGN,JUMBO BAG RED RETROSPOT
158,22386,22385,0.07164317078807488,0.03767044141437485,0.020337416223711578,0.2838709677419355,7.535642192756779,0.017638586355799353,1.343793527754702,JUMBO BAG PINK POLKADOT,JUMBO BAG SPACEBOY DESIGN
159,22385,22386,0.03767044141437485,0.07164317078807488,0.020337416223711578,0.5398773006134969,7.535642192756779,0.017638586355799353,2.017628842153917,JUMBO BAG SPACEBOY DESIGN,JUMBO BAG PINK POLKADOT
160,22698,22697,0.03351051536861567,0.03743933441183268,0.026346198289808182,0.7862068965517242,20.999489144316733,0.02509158689860972,4.502299887428525,PINK REGENCY TEACUP AND SAUCER,GREEN REGENCY TEACUP AND SAUCER
161,22697,22698,0.03743933441183268,0.03351051536861567,0.026346198289808182,0.7037037037037037,20.99948914431673,0.02509158689860972,3.261902010630922,GREEN REGENCY TEACUP AND SAUCER,PINK REGENCY TEACUP AND SAUCER
162,22699,22698,0.04807025652877282,0.03351051536861567,0.02727062629997689,0.5673076923076923,16.929244031830237,0.02565976722979615,2.2336645867036435,ROSES REGENCY TEACUP AND SAUCER ,PINK REGENCY TEACUP AND SAUCER
163,22698,22699,0.03351051536861567,0.04807025652877282,0.02727062629997689,0.8137931034482758,16.929244031830237,0.02565976722979615,5.112215289012145,PINK REGENCY TEACUP AND SAUCER,ROSES REGENCY TEACUP AND SAUCER 
164,20725,23206,0.09013173099144904,0.058007857638086434,0.025421770279639475,0.28205128205128205,4.862294412095209,0.020193421659613194,1.312060484004094,LUNCH BAG RED RETROSPOT,LUNCH BAG APPLE DESIGN
165,23206,20725,0.058007857638086434,0.09013173099144904,0.025421770279639475,0.43824701195219123,4.862294412095209,0.020193421659613194,1.6196945781641583,LUNCH BAG APPLE DESIGN,LUNCH BAG RED RETROSPOT
166,23206,22383,0.058007857638086434,0.06956320776519528,0.023572914259302056,0.40637450199203184,5.841802226310704,0.01953770160640998,1.5673800996707112,LUNCH BAG APPLE DESIGN,LUNCH BAG SUKI DESIGN 
167,22383,23206,0.06956320776519528,0.058007857638086434,0.023572914259302056,0.3388704318936877,5.841802226310704,0.01953770160640998,1.4248222856830954,LUNCH BAG SUKI DESIGN ,LUNCH BAG APPLE DESIGN
168,22382,23206,0.06078114166859256,0.058007857638086434,0.021492951236422465,0.35361216730038025,6.095935649038826,0.017967167423430384,1.4573172555363723,LUNCH BAG SPACEBOY DESIGN ,LUNCH BAG APPLE DESIGN
169,23206,22382,0.058007857638086434,0.06078114166859256,0.021492951236422465,0.3705179282868526,6.095935649038825,0.017967167423430384,1.4920502116530585,LUNCH BAG APPLE DESIGN,LUNCH BAG SPACEBOY DESIGN 
170,23206,23209,0.058007857638086434,0.07187427779061706,0.026115091287266003,0.450199203187251,6.263704026338376,0.021945818413347612,1.6881127266272111,LUNCH BAG APPLE DESIGN,LUNCH BAG VINTAGE DOILY 
171,23209,23206,0.07187427779061706,0.058007857638086434,0.026115091287266003,0.3633440514469453,6.263704026338376,0.021945818413347612,1.479593718558359,LUNCH BAG VINTAGE DOILY ,LUNCH BAG APPLE DESIGN
172,23206,23199,0.058007857638086434,0.05592789461520684,0.023804021261844235,0.4103585657370518,7.337278983240592,0.020559763913007414,1.601095259807994,LUNCH BAG APPLE DESIGN,JUMBO BAG APPLES
173,23199,23206,0.05592789461520684,0.058007857638086434,0.023804021261844235,0.4256198347107438,7.337278983240592,0.020559763913007414,1.640015096773979,JUMBO BAG APPLES,LUNCH BAG APPLE DESIGN
174,22386,23199,0.07164317078807488,0.05592789461520684,0.020337416223711578,0.2838709677419355,5.07565982404692,0.01633056451797686,1.3182988858976843,JUMBO BAG PINK POLKADOT,JUMBO BAG APPLES
175,23199,22386,0.05592789461520684,0.07164317078807488,0.020337416223711578,0.3636363636363636,5.07565982404692,0.01633056451797686,1.4588464459044534,JUMBO BAG APPLES,JUMBO BAG PINK POLKADOT
176,85099B,23199,0.11994453431938988,0.05592789461520684,0.028195054310145597,0.2350674373795761,4.203044634468702,0.0214868090350607,1.2341899815987598,JUMBO BAG RED RETROSPOT,JUMBO BAG APPLES
177,23199,85099B,0.05592789461520684,0.11994453431938988,0.028195054310145597,0.5041322314049587,4.203044634468702,0.0214868090350607,1.774778522455897,JUMBO BAG APPLES,JUMBO BAG RED RETROSPOT
178,23203,23199,0.07834527386179801,0.05592789461520684,0.026346198289808182,0.336283185840708,6.012798946829518,0.02196451206966602,1.4224019721130885,JUMBO BAG VINTAGE DOILY ,JUMBO BAG APPLES
179,23199,23203,0.05592789461520684,0.07834527386179801,0.026346198289808182,0.47107438016528924,6.012798946829518,0.02196451206966602,1.742503466605038,JUMBO BAG APPLES,JUMBO BAG VINTAGE DOILY 
180,23202,23199,0.06309221169401433,0.05592789461520684,0.025421770279639475,0.40293040293040294,7.204462204462205,0.02189315571297632,1.5811759801843468,JUMBO BAG VINTAGE LEAF,JUMBO BAG APPLES
181,23199,23202,0.05592789461520684,0.06309221169401433,0.025421770279639475,0.45454545454545453,7.204462204462204,0.02189315571297632,1.7176642785609737,JUMBO BAG APPLES,JUMBO BAG VINTAGE LEAF
182,23201,23199,0.055465680610122484,0.05592789461520684,0.026346198289808182,0.47500000000000003,8.493078512396695,0.02324411954988453,1.7982325816853206,JUMBO BAG ALPHABET,JUMBO BAG APPLES
183,23199,23201,0.05592789461520684,0.055465680610122484,0.026346198289808182,0.47107438016528924,8.493078512396695,0.02324411954988453,1.7857601975964872,JUMBO BAG APPLES,JUMBO BAG ALPHABET
184,85099B,23201,0.11994453431938988,0.055465680610122484,0.026346198289808182,0.21965317919075145,3.9601637764932565,0.019693393058319027,1.210403238921843,JUMBO BAG RED RETROSPOT,JUMBO BAG ALPHABET
185,23201,85099B,0.055465680610122484,0.11994453431938988,0.026346198289808182,0.47500000000000003,3.9601637764932565,0.019693393058319027,1.6762961251059243,JUMBO BAG ALPHABET,JUMBO BAG RED RETROSPOT
186,23202,23201,0.06309221169401433,0.055465680610122484,0.026808412294892534,0.4249084249084249,7.660744810744811,0.023308959832086102,1.6424068101492777,JUMBO BAG VINTAGE LEAF,JUMBO BAG ALPHABET
187,23201,23202,0.055465680610122484,0.06309221169401433,0.026808412294892534,0.48333333333333334,7.660744810744811,0.023308959832086102,1.813369912850295,JUMBO BAG ALPHABET,JUMBO BAG VINTAGE LEAF
188,23201,23203,0.055465680610122484,0.07834527386179801,0.024266235266928587,0.4375,5.584255162241888,0.01992076132959752,1.6384972909123592,JUMBO BAG ALPHABET,JUMBO BAG VINTAGE DOILY 
189,23203,23201,0.07834527386179801,0.055465680610122484,0.024266235266928587,0.30973451327433627,5.584255162241888,0.01992076132959752,1.3683638216802072,JUMBO BAG VINTAGE DOILY ,JUMBO BAG ALPHABET
190,23208,23206,0.0452969724982667,0.058007857638086434,0.024728449272012943,0.5459183673469388,9.411110659403203,0.022100868939897173,2.0744995494711804,LUNCH BAG VINTAGE LEAF DESIGN,LUNCH BAG APPLE DESIGN
191,23206,23208,0.058007857638086434,0.0452969724982667,0.024728449272012943,0.4262948207171315,9.411110659403205,0.022100868939897173,1.6641004159926047,LUNCH BAG APPLE DESIGN,LUNCH BAG VINTAGE LEAF DESIGN
192,20725,23208,0.09013173099144904,0.0452969724982667,0.021492951236422465,0.23846153846153847,5.264403453689169,0.017410256696481625,1.2536504401537913,LUNCH BAG RED RETROSPOT,LUNCH BAG VINTAGE LEAF DESIGN
193,23208,20725,0.0452969724982667,0.09013173099144904,0.021492951236422465,0.4744897959183674,5.264403453689169,0.017410256696481625,1.731399812870641,LUNCH BAG VINTAGE LEAF DESIGN,LUNCH BAG RED RETROSPOT
194,23208,23209,0.0452969724982667,0.07187427779061706,0.02495955627455512,0.5510204081632654,7.666447929654177,0.021703869090140757,2.0671891085572622,LUNCH BAG VINTAGE LEAF DESIGN,LUNCH BAG VINTAGE DOILY 
195,23209,23208,0.07187427779061706,0.0452969724982667,0.02495955627455512,0.3472668810289389,7.6664479296541765,0.021703869090140757,1.4626238500149706,LUNCH BAG VINTAGE DOILY ,LUNCH BAG VINTAGE LEAF DESIGN
196,23298,47566,0.06286110469147216,0.08805176796856945,0.026577305292350358,0.42279411764705876,4.80165392928825,0.0210422738878089,1.5799357905257903,SPOTTY BUNTING,PARTY BUNTING
197,47566,23298,0.08805176796856945,0.06286110469147216,0.026577305292350358,0.30183727034120733,4.80165392928825,0.0210422738878089,1.3422929289945453,PARTY BUNTING,SPOTTY BUNTING
198,23203,23209,0.07834527386179801,0.07187427779061706,0.0342038363762422,0.43657817109144537,6.0741921103301735,0.02857282639911736,1.6473016744972815,JUMBO BAG VINTAGE DOILY ,LUNCH BAG VINTAGE DOILY 
199,23209,23203,0.07187427779061706,0.07834527386179801,0.0342038363762422,0.4758842443729903,6.074192110330174,0.02857282639911736,1.7584946001777961,LUNCH BAG VINTAGE DOILY ,JUMBO BAG VINTAGE DOILY 
200,85099B,23209,0.11994453431938988,0.07187427779061706,0.022186272244048996,0.18497109826589597,2.5735367916287197,0.013565345464910967,1.138764183987399,JUMBO BAG RED RETROSPOT,LUNCH BAG VINTAGE DOILY 
201,23209,85099B,0.07187427779061706,0.11994453431938988,0.022186272244048996,0.3086816720257235,2.5735367916287197,0.013565345464910967,1.273010464310092,LUNCH BAG VINTAGE DOILY ,JUMBO BAG RED RETROSPOT
202,20725,23209,0.09013173099144904,0.07187427779061706,0.032817194360989135,0.3641025641025641,5.065825706983262,0.02633904128996056,1.4595525470228201,LUNCH BAG RED RETROSPOT,LUNCH BAG VINTAGE DOILY 
203,23209,20725,0.07187427779061706,0.09013173099144904,0.032817194360989135,0.45659163987138257,5.065825706983262,0.02633904128996056,1.6743729684121853,LUNCH BAG VINTAGE DOILY ,LUNCH BAG RED RETROSPOT
204,85099B,23203,0.11994453431938988,0.07834527386179801,0.0402126184423388,0.3352601156069364,4.279264071478507,0.030815531052860373,1.3864892836687732,JUMBO BAG RED RETROSPOT,JUMBO BAG VINTAGE DOILY 
205,23203,85099B,0.07834527386179801,0.11994453431938988,0.0402126184423388,0.5132743362831859,4.279264071478507,0.030815531052860373,1.8081139567619808,JUMBO BAG VINTAGE DOILY ,JUMBO BAG RED RETROSPOT
206,20725,23203,0.09013173099144904,0.07834527386179801,0.020568523226253757,0.22820512820512823,2.912812949096135,0.013507128078090774,1.1941705753950127,LUNCH BAG RED RETROSPOT,JUMBO BAG VINTAGE DOILY 
207,23203,20725,0.07834527386179801,0.09013173099144904,0.020568523226253757,0.2625368731563422,2.912812949096135,0.013507128078090774,1.2337813727755953,JUMBO BAG VINTAGE DOILY ,LUNCH BAG RED RETROSPOT
208,23202,23203,0.06309221169401433,0.07834527386179801,0.039057083429627916,0.6190476190476191,7.901531113920495,0.03411410682591383,2.41934365611278,JUMBO BAG VINTAGE LEAF,JUMBO BAG VINTAGE DOILY 
209,23203,23202,0.07834527386179801,0.06309221169401433,0.039057083429627916,0.49852507374631266,7.901531113920495,0.03411410682591383,1.8683043543278186,JUMBO BAG VINTAGE DOILY ,JUMBO BAG VINTAGE LEAF
210,23202,85099B,0.06309221169401433,0.11994453431938988,0.03304830136353132,0.5238095238095238,4.367097898889806,0.025480735412712403,1.8481164779292814,JUMBO BAG VINTAGE LEAF,JUMBO BAG RED RETROSPOT
211,85099B,23202,0.11994453431938988,0.06309221169401433,0.03304830136353132,0.27552986512524086,4.367097898889806,0.025480735412712403,1.2932317609861876,JUMBO BAG RED RETROSPOT,JUMBO BAG VINTAGE LEAF
212,23202,22386,0.06309221169401433,0.07164317078807488,0.022186272244048996,0.3516483516483517,4.908330379298122,0.017666146146257354,1.431872397598054,JUMBO BAG VINTAGE LEAF,JUMBO BAG PINK POLKADOT
213,22386,23202,0.07164317078807488,0.06309221169401433,0.022186272244048996,0.3096774193548387,4.908330379298121,0.017666146146257354,1.35720287091054,JUMBO BAG PINK POLKADOT,JUMBO BAG VINTAGE LEAF
214,23202,23209,0.06309221169401433,0.07187427779061706,0.022186272244048996,0.3516483516483517,4.892547966502951,0.017651565094328994,1.4315159444246417,JUMBO BAG VINTAGE LEAF,LUNCH BAG VINTAGE DOILY 
215,23209,23202,0.07187427779061706,0.06309221169401433,0.022186272244048996,0.3086816720257235,4.892547966502951,0.017651565094328994,1.3552480100612165,LUNCH BAG VINTAGE DOILY ,JUMBO BAG VINTAGE LEAF
216,23200,23199,0.03351051536861567,0.05592789461520684,0.024497342269470763,0.7310344827586206,13.071017383870046,0.022623169697433557,3.5100116738665372,JUMBO BAG PEARS,JUMBO BAG APPLES
217,23199,23200,0.05592789461520684,0.03351051536861567,0.024497342269470763,0.4380165289256198,13.071017383870048,0.022623169697433557,1.7197827594176103,JUMBO BAG APPLES,JUMBO BAG PEARS
218,23200,23202,0.03351051536861567,0.06309221169401433,0.021492951236422465,0.6413793103448276,10.16574460022736,0.019378698706810246,2.6125313327763067,JUMBO BAG PEARS,JUMBO BAG VINTAGE LEAF
219,23202,23200,0.06309221169401433,0.03351051536861567,0.021492951236422465,0.34065934065934067,10.16574460022736,0.019378698706810246,1.4658423850242661,JUMBO BAG VINTAGE LEAF,JUMBO BAG PEARS
220,23200,23203,0.03351051536861567,0.07834527386179801,0.021261844233880285,0.6344827586206896,8.098545417556707,0.0186364537300761,2.521508213019609,JUMBO BAG PEARS,JUMBO BAG VINTAGE DOILY 
221,23203,23200,0.07834527386179801,0.03351051536861567,0.021261844233880285,0.2713864306784661,8.098545417556707,0.0186364537300761,1.3264774708098757,JUMBO BAG VINTAGE DOILY ,JUMBO BAG PEARS
222,23300,23301,0.03651490640166397,0.04275479547030275,0.028426161312687773,0.7784810126582278,18.20803968525487,0.026864973957867383,4.321278351876918,GARDENERS KNEELING PAD CUP OF TEA ,GARDENERS KNEELING PAD KEEP CALM 
223,23301,23300,0.04275479547030275,0.03651490640166397,0.028426161312687773,0.6648648648648648,18.208039685254874,0.026864973957867383,2.874915198640196,GARDENERS KNEELING PAD KEEP CALM ,GARDENERS KNEELING PAD CUP OF TEA 
